	audio_file_path	romaji_name	id	en_name	ja_name	path	ja_path_name	en_path_name	path_taxon_rank_name
6	data01/ochu2_150524_tsushima_mju.0005.wav	ochu							
12	data01/jobitakic_160808_hyogo_kuroda.0006.wav	jyoubitaki							
13	data01/jobitakic_160808_hyogo_kuroda.0012.wav	jyoubitaki							
19	data01/bupposo970803_tottori_kuroda.0000.wav	bupposo							
27	data01/chogenbo_keikai_130303_utsunomiya_hirano.0000.wav	chogenbo							
28	data01/okonoha_130505_nikko_abe.0004.wav	okonoha							
32	data01/tsubamechi_121009_hyogo_kuroda.0002.wav	tsubamechi							
33	data01/osahashibuto_120423_ishigaki_moriya.0009.wav	osahashibuto							
34	data01/ostoaka2_140307_amami_ishida.0000.wav	oosutonooakagera							
35	data01/mejiroc_160516_miyake_kuroda.0002.wav	jyoubitaki							
36	data01/mejiroc_160516_miyake_kuroda.0003.wav	jyoubitaki							
38	data01/akashobin_150611_kosado_mju.0002.wav	akashobin							
42	data01/omizunagi_120801_fukuoka_mju.0007.wav	omizunagi							
47	data01/kakko_120629_utsunomiya_hirano.0008.wav	kakko							
51	data01/jobitaki_071107_watarase_hirano.0007.wav	jyoubitaki							
53	data01/himeama_140614_fuji_mju.0000.wav	himeama							
60	data01/gojukarahina_140514_kyoto_kaji.0002.wav	gojyuukara							
67	data01/ishigakishiju_120423_ishigaki_moriya.0002.wav	ishigakishiju							
74	data01/jobitakic_160808_hyogo_kuroda.0013.wav	jyoubitaki							
76	data01/ezosen_130603_muroran_kuros.0002.wav	ezosen							
77	data01/omashiko_121203_tottori_kuroda.0001.wav	omashiko							
78	data01/jyoubitaki_121112_utsunomiya_hirano.0000.wav	jyoubitaki							
85	data01/konotori_140602_toyooka_kuroda.0001.wav	konotori							
92	data01/kojukei2_060512_hino_mju.0003.wav	kojyukei							
93	data01/ojurin_091116_watarase_hirano.0002.wav	ojurin							
97	data01/okonoha_130505_nikko_abe.0005.wav	okonoha							
98	data01/kohakucho_151129_kaga_mju.0006.wav	kohakucyou							
103	data01/shimaenaga_110228_tomamae_mju.0008.wav	shimaenaga							
108	data01/akashobin_150611_kosado_mju.0000.wav	akashobin							
119	data01/oseguro_20110201_tomamae_mju.0001.wav	oseguro							
121	data01/gojukara_110402_maruyama_namba.0004.wav	gojyuukara							
125	data01/takabu_140902_tatsuno_kuroda.0001.wav	takabu							
134	data01/ezoraicho_080703_doto_kuroda.0008.wav	ezoraicho							
141	data01/ohakucho_100227_otawara_hirano.0006.wav	ohakucho							
144	data01/yamaakagaeru_200702_hyogo_kuroda.0003.wav	yamaakagaeru							
151	data01/konotori_140602_toyooka_kuroda.0004.wav	konotori							
154	data01/mosukemiso_160701_miyake_kuroda.0003.wav	mosukemisosazai							
163	data01/kohakucho_151129_kaga_mju.0002.wav	kohakucyou							
170	data01/gabicho_040512_hino_mju.0001.wav	gabicho							
177	data01/tyuhi_100406_watarase.0007.wav	chuhi							
180	data01/jobitaki_140523_hyogo_kuroda.0000.wav	jyoubitaki							
183	data01/ezosen_090819_nemuro_mju.0005.wav	ezosen							
195	data01/ezorisu_110402_maruyama_namba.0004.wav	ezorisu							
197	data01/okonoha_110518_nikko_abe.0001.wav	okonoha							
205	data01/hakkacho_120514c_himeji_kuroda.0002.wav	hakkacho							
212	data01/kaojirogabicho_20140410_watarase_hirano.0003.wav	kaojirogabityou							
222	data01/jobitakic_160808_hyogo_kuroda.0009.wav	jyoubitaki							
223	data01/iijimac_160515_miyake_kuroda.0003.wav	iijima							
224	data01/yamaakagaeru_200702_hyogo_kuroda.0001.wav	yamaakagaeru							
234	data01/kohakucho_151129_kaga_mju.0005.wav	kohakucyou							
238	data01/ochu_150524_tsushima_mju.0014.wav	ochu							
243	data01/tanekoma_160516_miyake_kuroda.0000.wav	tanekoma							
244	data01/kojyukei_120704_sano_hirano.0000.wav	kojyukei							
257	data01/gojukara_110402_maruyama_namba.0010.wav	gojyuukara							
259	data01/ezoraicho2_160420_furano_cf.0004.wav	ezoraicho							
274	data01/ezoraicho_080703_doto_kuroda.0006.wav	ezoraicho							
276	data01/ryuukyuukibitaki_060312_okinawa_kaji.0002.wav	ryuukyuukibitaki							
277	data01/ryuukyuukibitaki_060312_okinawa_kaji.0006.wav	ryuukyuukibitaki							
278	data01/rtsubame_120419_yona_moriya.0005.wav	rtsubame							
280	data01/hiyodorihina_140607_hyogo_kaji.0004.wav	hiyodorihina							
283	data01/yamaakagaeru_200702_hyogo_kuroda.0010.wav	yamaakagaeru							
286	data01/honsei_100503_kunitachi_mju.0008.wav	honsei							
292	data01/okonoha_130505_nikko_abe.0000.wav	okonoha							
293	data01/gojukara_090509_shioya_hirano.0006.wav	gojyuukara							
300	data01/himeama2_150510_naganuma_mju.0006.wav	himeama							
302	data01/moriaogaeru_100618_sado_mju.0007.wav	moriaogaeru							
309	data01/akashobin_150611_kosado_mju.0001.wav	akashobin							
314	data01/shimafukuro_160216_nemuro_mju.0000.wav	shimafukuro							
315	data01/shimafukuro_160216_nemuro_mju.0001.wav	shimafukuro							
316	data01/iijima_160516_miyake_kuroda.0002.wav	iijima							
318	data01/takabu_130428_saga_moriya.0003.wav	takabu							
320	data01/himeama_150510_naganuma_mju.0003.wav	himeama							
323	data01/jobitaki_071107_watarase_hirano.0002.wav	jyoubitaki							
331	data01/hakkacho_120514c_himeji_kuroda.0005.wav	hakkacho							
338	data01/kakko060602_kokubunji_mju.0000.wav	kakko							
342	data01/ochu2_150524_tsushima_mju.0014.wav	ochu							
353	data01/kaojirogabityou_120406_watarase_hirano.0007.wav	kaojirogabityou							
354	data01/iijimac_160515_miyake_kuroda.0009.wav	iijima							
356	data01/kimayu_151014_fukuoka_kuroda.0004.wav	kimayu							
362	data01/soushicho_0906_hyogo_kaji.0002.wav	soushicho							
364	data01/fukuro_140510_nikko_abe.0001.wav	fukuro							
378	data01/kojyurin_100202_utsunomiya_hirano.0005.wav	kojyurin							
384	data01/omizunagi_120801_fukuoka_mju.0005.wav	omizunagi							
389	data01/okonoha_110518_nikko_abe.0002.wav	okonoha							
400	data01/soshicho_c_070331_kokubunji_mju.0000.wav	soushicho							
406	data01/hikigaeru_110313_kokubunji_mju.0004.wav	hikigaeru							
410	data01/ochu2_150524_tsushima_mju.0010.wav	ochu							
411	data01/takabu_140902_tatsuno_kuroda.0000.wav	takabu							
422	data01/jobitakic_160808_hyogo_kuroda.0017.wav	jyoubitaki							
426	data01/ryuukyuuakashoubin_050409_okinawa_kaji.0010.wav	ryuukyuuakashoubin							
428	data01/fukuro_070514_tanzawa_mju.0002.wav	fukuro							
445	data01/kajikagaeru_130618_nashushiobara.0000.wav	kajikagaeru							
449	data01/saruhama_160910_himeji_kuroda.0002.wav	saruhama							
467	data01/himeama_150510_naganuma_mju.0002.wav	himeama							
474	data01/gojyuukara_111206_nasu_hirano.0005.wav	gojyuukara							
482	data01/soshicho_c_070331_kokubunji_mju.0005.wav	soushicho							
485	data01/jobitaki_160808_hyogo_kuroda.0004.wav	jyoubitaki							
486	data01/nezumi_080409_tottori_kuroda.0006.wav	nezumi							
488	data01/kyojoshigi_110419_hahajima_mju.0015.wav	kyojoshigi							
500	data01/rkibitaki_120423_ishigaki_moriya.0008.wav	ryuukyuukibitaki							
507	data01/jobitaki_150503_shiga.0000.wav	jyoubitaki							
511	data01/ginmuku_150326_cheju_mju.0004.wav	ginmuku							
512	data01/chushaku1_120430_tatsuno_kuroda.0000.wav	chushakushyigi							
521	data01/kajikagaeru_130618_nashushiobara.0003.wav	kajikagaeru							
530	data01/osahashibuto_120423_ishigaki_moriya.0008.wav	osahashibuto							
532	data01/iijima_160516_miyake_kuroda.0003.wav	iijima							
541	data01/hakkacho_120514c_himeji_kuroda.0003.wav	hakkacho							
543	data01/tonen_130830hyogo_kuroda.0000.wav	tonen							
546	data01/ochu2_150524_tsushima_mju.0001.wav	ochu							
557	data01/amerikakoaji_140718_hikawahama_nuka.0001.wav	amerikakoaji							
562	data01/hakkacho_120514b_himeji_kuroda.0002.wav	hakkacho							
567	data01/ojurin_091116_watarase_hirano.0000.wav	ojurin							
571	data01/tyuhi_100406_watarase.0000.wav	chuhi							
572	data01/jobitaki_140523_hyogo_kuroda.0002.wav	jyoubitaki							
575	data01/ezosen_090819_nemuro_mju.0003.wav	ezosen							
576	data01/akasho_9806_takara_anezaki.0001.wav	ryuukyuuakashoubin							
578	data01/mosuke_160516_miyake_kuroda.0000.wav	mosukemisosazai							
579	data01/hakkacho_131122_tasuno_kuroda.0000.wav	hakkacho							
580	data01/tanekoma_160516_miyake_kuroda.0003.wav	tanekoma							
581	data01/omizunagi_120801_fukuoka_mju.0003.wav	omizunagi							
584	data01/kojurin_040614_tonegawa_kuroda.0002.wav	kojyurin							
588	data01/himeama_140614_fuji_mju.0004.wav	himeama							
591	data01/soshicho_c_070331_kokubunji_mju.0001.wav	soushicho							
593	data01/kakko060602_kokubunji_mju.0005.wav	kakko							
594	data01/ochu2_150524_tsushima_mju.0008.wav	ochu							
596	data01/nezumi_080409_tottori_kuroda.0001.wav	nezumi							
601	data01/jobitaki_160808_hyogo_kuroda.0005.wav	jyoubitaki							
618	data01/kokumaru_130410_aomori_kuroda.0004.wav	kokumaru							
619	data01/rkibitaki_120423_ishigaki_moriya.0005.wav	ryuukyuukibitaki							
631	data01/ginmuku_150326_cheju_mju.0003.wav	ginmuku							
642	data01/kaogurogabi_130429_akikawa_miya.0003.wav	kaogurogabi							
643	data01/gabicho_040512_hino_mju.0002.wav	gabicho							
644	data01/gabicho_040512_hino_mju.0003.wav	gabicho							
646	data01/tyuhi_100406_watarase.0003.wav	chuhi							
649	data01/karafutomuji_140514_tobishima_mima.0011.wav	karafutomuji							
651	data01/hakkacho_131122_tasuno_kuroda.0007.wav	hakkacho							
652	data01/fukuro_130514_uryu_mju.0000.wav	fukuro							
657	data01/kojukei1_060512_hino_mju.0000.wav	kojyukei							
668	data01/hakkacho_120514c_himeji_kuroda.0001.wav	hakkacho							
672	data01/kyojoshigi_110419_hahajima_mju.0008.wav	kyojoshigi							
679	data01/takabu_140902_tatsuno_kuroda.0005.wav	takabu							
680	data01/kyojoshigi_110419_hahajima_mju.0005.wav	kyojoshigi							
681	data01/ochu2_150524_tsushima_mju.0000.wav	ochu							
683	data01/kakko060602_kokubunji_mju.0006.wav	kakko							
690	data01/ezoraicho_080703_doto_kuroda.0000.wav	ezoraicho							
692	data01/okonoha_140413_nikko_abe.0002.wav	okonoha							
694	data01/hiyodorihina_140607_hyogo_kaji.0009.wav	hiyodorihina							
698	data01/ohakucho_100227_otawara_hirano.0003.wav	ohakucho							
699	data01/ohakucho_100227_otawara_hirano.0007.wav	ohakucho							
705	data01/rakashobin_120419_yambaru_moriya.0000.wav	ryuukyuuakashoubin							
706	data01/segurokakko_150523_tsushima_mju.0004.wav	segurokakko							
713	data01/hakkacho_120514b_himeji_kuroda.0004.wav	hakkacho							
718	data01/honsei_100503_kunitachi_mju.0000.wav	honsei							
727	data01/ochu_150524_tsushima_mju.0003.wav	ochu							
728	data01/ochu_150524_tsushima_mju.0005.wav	ochu							
732	data01/gabicho_040512_hino_mju.0006.wav	gabicho							
734	data01/moriaogaeru_100618_sado_mju.0009.wav	moriaogaeru							
738	data01/iijima_160516_miyake_kuroda.0004.wav	iijima							
746	data01/kojurin_040614_tonegawa_kuroda.0008.wav	kojyurin							
753	data01/amagaeru_060607_hino_mju.0000.wav	amagaeru							
755	data01/kakko060602_kokubunji_mju.0009.wav	kakko							
756	data01/hojirogamo_110325_tomakomai_namba.0000.wav	hojirogamo							
757	data01/hinakomori_140527_wakayama_kuroda.0001.wav	hinakomori							
758	data01/segurokakko_130530_shimane_wada.0002.wav	segurokakko							
768	data01/ostoaka_140307_amami_ishida.0001.wav	oosutonooakagera							
771	data01/yairocho_090602_nagano_uematsu.0001.wav	yairocho							
772	data01/chuhi_091124_watarase_hirano.0000.wav	chuhi							
773	data01/ezosen_130603_muroran_kuros.0001.wav	ezosen							
782	data01/hakkacho_120514b_himeji_kuroda.0003.wav	hakkacho							
788	data01/kohakucho_151129_kaga_mju.0009.wav	kohakucyou							
796	data01/akashobin_150613_okutadami_abe.0007.wav	akashobin							
806	data01/chogenbo_141026_hyogo_kuroda.0001.wav	chogenbo							
809	data01/jobitaki_160808_hyogo_kuroda.0006.wav	jyoubitaki							
812	data01/sorihashi_130825_hyogo_kuroda.0003.wav	sorihashi							
828	data01/ezoraicho_080703_doto_kuroda2.0001.wav	ezoraicho							
843	data01/ginmuku_150326_cheju_mju.0001.wav	ginmuku							
852	data01/bupposo_110730_kibi_kuroda.0002.wav	bupposo							
853	data01/gojukara_090509_shioya_hirano.0004.wav	gojyuukara							
854	data01/gojukara_090509_shioya_hirano.0005.wav	gojyuukara							
857	data01/saruhama_160910_himeji_kuroda.0003.wav	saruhama							
865	data01/tyuhi_100406_watarase.0002.wav	chuhi							
868	data01/gojukara_070928_nasushio_hirano.0003.wav	gojyuukara							
869	data01/ezosen_090819_nemuro_mju.0007.wav	ezosen							
870	data01/iijima_160516_miyake_kuroda.0007.wav	iijima							
876	data01/himeama_150510_naganuma_mju.0000.wav	himeama							
879	data01/hajirokai_140214_tatsuno_kuroda.0001.wav	hajirokai							
885	data01/gojukara_110402_maruyama_namba.0003.wav	gojyuukara							
894	data01/jobitaki_160808_hyogo_kuroda.0009.wav	jyoubitaki							
898	data01/kakko060602_kokubunji_mju.0008.wav	kakko							
904	data01/ostoaka_140307_amami_ishida.0003.wav	oosutonooakagera							
905	data01/hiyodorihina_140607_hyogo_kaji.0002.wav	hiyodorihina							
906	data01/hiyodorihina_140607_hyogo_kaji.0007.wav	hiyodorihina							
912	data01/iijima_160515_miyake_kuroda.0001.wav	iijima							
915	data01/ojurin_080701_doto_kuroda.0008.wav	ojurin							
924	data01/raicho_100526_norikura_hotta.0000.wav	raicho							
941	data01/saru_11060700_chichibu_mju.0003.wav	saru							
944	data01/kakko060602_kokubunji_mju.0011.wav	kakko							
945	data01/hakkacho_120514a_himeji_kuroda.0001.wav	hakkacho							
954	data01/jobitakic_160808_hyogo_kuroda.0001.wav	jyoubitaki							
957	data01/iijimac_160515_miyake_kuroda.0004.wav	iijima							
959	data01/rtsubame_120419_yona_moriya.0000.wav	rtsubame							
966	data01/jobitaki_150503_shiga.0001.wav	jyoubitaki							
967	data01/konotori_140602_toyooka_kuroda.0000.wav	konotori							
975	data01/honsei_100503_kunitachi_mju.0003.wav	honsei							
976	data01/akashobin_100512_shiiba_mju.0000.wav	akashobin							
978	data01/okonoha_130505_nikko_abe.0001.wav	okonoha							
979	data01/uchiyama_090627_kashima_kuroda.0005.wav	uchiyama							
982	data01/kojyurin_100202_utsunomiya_hirano.0007.wav	kojyurin							
985	data01/moriaogaeru_100618_sado_mju.0006.wav	moriaogaeru							
991	data01/sadokakesu_100223_sado_mju.0003.wav	sadokakesu							
993	data01/uchiyama_c1_090627_kashima_kuroda.0001.wav	uchiyama							
998	data01/tagogaeru_060603_okutadami_mju.0005.wav	tagogaeru							
999	data01/ezorisu_110402_maruyama_namba.0001.wav	ezorisu							
1004	data01/himeama_150510_naganuma_mju.0004.wav	himeama							
1009	data01/fukuro_160417_osaka_murahama.0008.wav	fukuro							
1021	data01/chuhi_080110_watarase_hirano.0002.wav	chuhi							
1035	data01/ryuukyuukibitaki_060312_okinawa_kaji.0005.wav	ryuukyuukibitaki							
1036	data01/kokumaru_130410_aomori_kuroda.0003.wav	kokumaru							
1042	data01/otoratugumi_100325_amami-anengachi_ik.0004.wav	otoratugumi							
1043	data01/torafu_080602_tochigi_hirano.0003.wav	torafu							
1062	data01/saruhama_160910_himeji_kuroda.0000.wav	saruhama							
1063	data01/saruhama_160910_himeji_kuroda.0004.wav	saruhama							
1066	data01/amurumusikui_160502_hyogo_kaji.0002.wav	amurumusikui							
1070	data01/osahashibuto_120423_ishigaki_moriya.0005.wav	osahashibuto							
1076	data01/kakko_120629_utsunomiya_hirano.0003.wav	kakko							
1079	data01/jobitaki_071107_watarase_hirano.0005.wav	jyoubitaki							
1089	data01/fukuro_110425_osaka_murahama.0004.wav	fukuro							
1093	data01/ezoraicho2_160420_furano_cf.0003.wav	ezoraicho							
1103	data01/akaeri_110702_sarobetsu_namba.0001.wav	akaeri							
1107	data01/bupposo970803_tottori_kuroda.0002.wav	bupposo							
1116	data01/gojukara_090509_shioya_hirano.0001.wav	gojyuukara							
1117	data01/jobitaki_121027_hyogo_kuroda.0004.wav	jyoubitaki							
1123	data01/shimaenaga_110228_tomamae_mju.0000.wav	shimaenaga							
1127	data01/takabu_130428_saga_moriya.0004.wav	takabu							
1133	data01/himeama_140614_fuji_mju.0007.wav	himeama							
1145	data01/chogenbo_130219_utsunomiya_hirano.0000.wav	chogenbo							
1149	data01/higegabi_141015_kochi_kuroda.0003.wav	higegabi							
1150	data01/okonoha_140413_nikko_abe.0001.wav	okonoha							
1151	data01/ryuukyuuakashoubin_050409_okinawa_kaji.0009.wav	ryuukyuuakashoubin							
1152	data01/konotori_150629_toyooka_kuroda.0003.wav	konotori							
1163	data01/kojukei2_060512_hino_mju.0004.wav	kojyukei							
1167	data01/kaogurogabi_130429_akikawa_miya.0002.wav	kaogurogabi							
1187	data01/kakko060602_kokubunji_mju.0007.wav	kakko							
1195	data01/komori_091212_ehime_kuroda.0003.wav	komori							
1196	data01/gojukara_110402_maruyama_namba.0006.wav	gojyuukara							
1197	data01/kyojoshigi_110419_hahajima_mju.0010.wav	kyojoshigi							
1204	data01/ezoraicho_080703_doto_kuroda2.0002.wav	ezoraicho							
1207	data01/fukuro_070514_tanzawa_mju.0000.wav	fukuro							
1214	data01/torafu_080602_tochigi_hirano.0004.wav	torafu							
1223	data01/mosukemiso_160701_miyake_kuroda.0002.wav	mosukemisosazai							
1224	data01/hakkacho_120514b_himeji_kuroda.0006.wav	hakkacho							
1225	data01/takabu2_140902_tatsuno_kuroda.0003.wav	takabu							
1234	data01/gabicho_100625_tama_miya.0000.wav	gabicho							
1235	data01/kojyurin_100202_utsunomiya_hirano.0000.wav	kojyurin							
1236	data01/ochu_150524_tsushima_mju.0008.wav	ochu							
1239	data01/himeama2_150510_naganuma_mju.0004.wav	himeama							
1240	data01/soushicho_0811_hyogo_kaji.0005.wav	soushicho							
1244	data01/onikakko_150527_amami_miyayama.0001.wav	onikakko							
1270	data01/ezoraicho_080703_doto_kuroda.0005.wav	ezoraicho							
1280	data01/takabu_140902_tatsuno_kuroda.0003.wav	takabu							
1281	data01/ochu2_150524_tsushima_mju.0007.wav	ochu							
1282	data01/oseguro_20110201_tomamae_mju.0000.wav	oseguro							
1283	data01/kyojoshigi_110419_hahajima_mju.0013.wav	kyojoshigi							
1284	data01/hikigaeru_110313_kokubunji_mju.0003.wav	hikigaeru							
1286	data01/jobitakic_160808_hyogo_kuroda.0018.wav	jyoubitaki							
1290	data01/kaojirogabityou_120406_watarase_hirano.0005.wav	kaojirogabityou							
1291	data01/ezoraicho_080703_doto_kuroda2.0003.wav	ezoraicho							
1292	data01/iijimac_160515_miyake_kuroda.0007.wav	iijima							
1293	data01/ryuukyuuakashoubin_050409_okinawa_kaji.0003.wav	ryuukyuuakashoubin							
1294	data01/ryuukyuuakashoubin_050409_okinawa_kaji.0008.wav	ryuukyuuakashoubin							
1297	data01/omashiko_121203_tottori_kuroda.0000.wav	omashiko							
1298	data01/kohakucho_130407_aomori_kuroda.0003.wav	kohakucyou							
1301	data01/otoratugumi_100325_amami-anengachi_ik.0000.wav	otoratugumi							
1302	data01/torafu_080602_tochigi_hirano.0009.wav	torafu							
1314	data01/uchiyama_090612_koshima_kuroda.0006.wav	uchiyama							
1315	data01/ojurin_091116_watarase_hirano.0004.wav	ojurin							
1318	data01/kohakucho_151129_kaga_mju.0003.wav	kohakucyou							
1323	data01/moriaogaeru_100618_sado_mju.0001.wav	moriaogaeru							
1324	data01/shimaenaga_110228_tomamae_mju.0018.wav	shimaenaga							
1351	data01/takabu_140902_tatsuno_kuroda.0004.wav	takabu							
1353	data01/chogenbo_141026_hyogo_kuroda.0000.wav	chogenbo							
1364	data01/hikigaeru_110313_kokubunji_mju.0000.wav	hikigaeru							
1371	data01/kaojirogabicho_20140410_watarase_hirano.0001.wav	kaojirogabityou							
1373	data01/chuhi_080110_watarase_hirano.0001.wav	chuhi							
1387	data01/jobitaki_141021_hyogo_kuroda.0002.wav	jyoubitaki							
1388	data01/takabu2_140902_tatsuno_kuroda.0000.wav	takabu							
1390	data01/chigohaya_110601_morioka_mikami.0004.wav	chigohaya							
1398	data01/moriaogaeru_100618_sado_mju.0010.wav	moriaogaeru							
1400	data01/shimaenaga_110228_tomamae_mju.0014.wav	shimaenaga							
1403	data01/soushicho_0811_hyogo_kaji.0007.wav	soushicho							
1406	data01/tyuhi_100406_watarase.0006.wav	chuhi							
1409	data01/hakkacho_131122_tasuno_kuroda.0004.wav	hakkacho							
1420	data01/kakko_120629_utsunomiya_hirano.0000.wav	kakko							
1421	data01/kakko_120629_utsunomiya_hirano.0001.wav	kakko							
1425	data01/mamitahi_121109_kitakyu_moriya.0000.wav	mamitahi							
1432	data01/hakkacho_120514c_himeji_kuroda.0000.wav	hakkacho							
1439	data01/takabu_140902_tatsuno_kuroda.0002.wav	takabu							
1446	data01/chogenbo_141026_hyogo_kuroda.0002.wav	chogenbo							
1449	data01/kyojoshigi_110419_hahajima_mju.0014.wav	kyojoshigi							
1458	data01/ryuukyuuakashoubin_050409_okinawa_kaji.0002.wav	ryuukyuuakashoubin							
1465	data01/ginmuku_150326_cheju_mju.0005.wav	ginmuku							
1469	data01/honsei_100503_kunitachi_mju.0004.wav	honsei							
1472	data01/uchiyama_090612_koshima_kuroda.0005.wav	uchiyama							
1479	data01/moriaogaeru_100618_sado_mju.0002.wav	moriaogaeru							
1481	data01/shimaenaga_110228_tomamae_mju.0009.wav	shimaenaga							
1486	data01/soushicho_0811_hyogo_kaji.0002.wav	soushicho							
1509	data01/hinakomori_140527_wakayama_kuroda.0002.wav	hinakomori							
1511	data01/gojukara_110402_maruyama_namba.0011.wav	gojyuukara							
1538	data01/kohakucho_151129_kaga_mju.0007.wav	kohakucyou							
1541	data01/amurumusikui_160502_hyogo_kaji.0001.wav	amurumusikui							
1544	data01/ezosen_090819_nemuro_mju.0004.wav	ezosen							
1547	data01/mosuke_160516_miyake_kuroda.0001.wav	mosukemisosazai							
1548	data01/hakkacho_131122_tasuno_kuroda.0006.wav	hakkacho							
1549	data01/tanekoma_160516_miyake_kuroda.0001.wav	tanekoma							
1556	data01/shiroeriohamu_110515_tomakomai_namba.0000.wav	shiroeriohamu							
1564	data01/kakko060602_kokubunji_mju.0004.wav	kakko							
1579	data01/okonoha_090521_iwase_abe.0001.wav	okonoha							
1586	data01/rkibitaki_120423_ishigaki_moriya.0009.wav	ryuukyuukibitaki							
1587	data01/otoratugumi_100325_amami-anengachi_ik.0003.wav	otoratugumi							
1588	data01/rakashobin_120419_yambaru_moriya.0003.wav	ryuukyuuakashoubin							
1597	data01/kitakitsune_051017_muroran_mju.0002.wav	kitakitsune							
1604	data01/himeama2_150510_naganuma_mju.0003.wav	himeama							
1606	data01/soushicho_0811_hyogo_kaji.0000.wav	soushicho							
1608	data01/ezosen_090819_nemuro_mju.0000.wav	ezosen							
1609	data01/uchiyama_150703_fukuoka_kuroda.0004.wav	uchiyama							
1613	data01/ezorisu_110402_maruyama_namba.0002.wav	ezorisu							
1622	data01/gojyuukara_111206_nasu_hirano.0004.wav	gojyuukara							
1626	data01/gojukara_110402_maruyama_namba.0009.wav	gojyuukara							
1637	data01/kokumaru_130410_aomori_kuroda.0001.wav	kokumaru							
1638	data01/jobitakic_160808_hyogo_kuroda.0007.wav	jyoubitaki							
1651	data01/yamaakagaeru_200702_hyogo_kuroda.0000.wav	yamaakagaeru							
1660	data01/ojurin_080701_doto_kuroda.0004.wav	ojurin							
1662	data01/chigohaya_110601_morioka_mikami.0001.wav	chigohaya							
1663	data01/uchiyama_090612_koshima_kuroda.0001.wav	uchiyama							
1670	data01/bupposo_110730_kibi_kuroda.0003.wav	bupposo							
1671	data01/kohakucho_151129_kaga_mju.0001.wav	kohakucyou							
1672	data01/raicho_100526_norikura_hotta.0001.wav	raicho							
1682	data01/tyuhi_100406_watarase.0008.wav	chuhi							
1683	data01/osahashibuto_120423_ishigaki_moriya.0006.wav	osahashibuto							
1684	data01/osahashibuto_120423_ishigaki_moriya.0010.wav	osahashibuto							
1685	data01/akashobin_150613_okutadami_abe.0006.wav	akashobin							
1686	data01/kakou_100610_nikko.0000.wav	kakko							
1692	data01/omizunagi_120801_fukuoka_mju.0000.wav	omizunagi							
1699	data01/jobitaki_071107_watarase_hirano.0006.wav	jyoubitaki							
1700	data01/hukurou_100420_watarase.0000.wav	hukurou							
1703	data01/saru_11060700_chichibu_mju.0002.wav	saru							
1710	data01/ishigakishiju_120423_ishigaki_moriya.0000.wav	ishigakishiju							
1711	data01/kakko060602_kokubunji_mju.0002.wav	kakko							
1715	data01/hojirogamo_110325_tomakomai_namba.0001.wav	hojirogamo							
1719	data01/segurokakko_130530_shimane_wada.0001.wav	segurokakko							
1721	data01/ryuukyuuakashoubin_050409_okinawa_kaji.0007.wav	ryuukyuuakashoubin							
1724	data01/ezoraicho_080703_doto_kuroda.0007.wav	ezoraicho							
1726	data01/ostoaka_140307_amami_ishida.0004.wav	oosutonooakagera							
1732	data01/yamaakagaeru_200702_hyogo_kuroda.0007.wav	yamaakagaeru							
1746	data01/ojurin_080701_doto_kuroda.0007.wav	ojurin							
1761	data01/kojyurin_100202_utsunomiya_hirano.0003.wav	kojyurin							
1764	data01/amurumusikui_160502_hyogo_kaji.0000.wav	amurumusikui							
1765	data01/shimaenaga_110228_tomamae_mju.0016.wav	shimaenaga							
1768	data01/tyuhi_100406_watarase.0005.wav	chuhi							
1783	data01/gojyuukara_111206_nasu_hirano.0000.wav	gojyuukara							
1786	data01/himeama_140614_fuji_mju.0003.wav	himeama							
1788	data01/oseguro_20110201_tomamae_mju.0007.wav	oseguro							
1789	data01/chuhi_091124_watarase_hirano.0001.wav	chuhi							
1809	data01/bupposo970803_tottori_kuroda.0005.wav	bupposo							
1811	data01/konotori_140602_toyooka_kuroda.0002.wav	konotori							
1812	data01/segurokakko_150523_tsushima_mju.0003.wav	segurokakko							
1816	data01/hakkacho_120514b_himeji_kuroda.0001.wav	hakkacho							
1819	data01/uchiyama_090612_koshima_kuroda.0007.wav	uchiyama							
1831	data01/soushicho_0811_hyogo_kaji.0001.wav	soushicho							
1835	data01/karafutomuji_140514_tobishima_mima.0006.wav	karafutomuji							
1836	data01/uchiyama_c1_090627_kashima_kuroda.0000.wav	uchiyama							
1838	data01/hakkacho_131122_tasuno_kuroda.0001.wav	hakkacho							
1861	data01/ezoraicho_080703_doto_kuroda.0001.wav	ezoraicho							
1872	data01/kyojoshigi_110419_hahajima_mju.0016.wav	kyojoshigi							
1889	data01/ochu_150524_tsushima_mju.0007.wav	ochu							
1895	data01/akasho_9806_takara_anezaki.0000.wav	ryuukyuuakashoubin							
1900	data01/chushakushyigi_120423_ishigaki_moriya.0002.wav	chushakushyigi							
1905	data01/fukuro_160417_osaka_murahama.0007.wav	fukuro							
1909	data01/gojukara_110402_maruyama_namba.0007.wav	gojyuukara							
1910	data01/rkibitaki_120423_ishigaki_moriya.0006.wav	ryuukyuukibitaki							
1914	data01/jobitakic_160808_hyogo_kuroda.0008.wav	jyoubitaki							
1918	data01/higegabi_141015_kochi_kuroda.0000.wav	higegabi							
1921	data01/ohakucho_100227_otawara_hirano.0008.wav	ohakucho							
1922	data01/jobitaki_160808_hyogo_kuroda.0008.wav	jyoubitaki							
1924	data01/iijimac_160515_miyake_kuroda.0010.wav	iijima							
1930	data01/torafu_080602_tochigi_hirano.0006.wav	torafu							
1940	data01/uchiyama_090612_koshima_kuroda.0000.wav	uchiyama							
1941	data01/zuaka_080512_taketomi_mtakagi.0000.wav	zuaka							
1945	data01/sanko_9806_takara_anezaki.0000.wav	sanko							
1946	data01/osahashibuto_120423_ishigaki_moriya.0011.wav	osahashibuto							
1947	data01/mejiroc_160516_miyake_kuroda.0001.wav	jyoubitaki							
1950	data01/chushakushyigi_120423_ishigaki_moriya.0000.wav	chushakushyigi							
1953	data01/kakko_120629_utsunomiya_hirano.0007.wav	kakko							
1962	data01/yamaakagaeru_200702_hyogo_kuroda.0002.wav	yamaakagaeru							
1963	data01/higegabi_141015_kochi_kuroda.0002.wav	higegabi							
1977	data01/torafu_080602_tochigi_hirano.0005.wav	torafu							
1985	data01/amerikakoaji_140718_hikawahama_nuka.0002.wav	amerikakoaji							
1994	data01/bupposo_110730_kibi_kuroda.0001.wav	bupposo							
1999	data01/gabicho_100625_tama_miya.0001.wav	gabicho							
2000	data01/saruhama_160910_himeji_kuroda.0001.wav	saruhama							
2002	data01/gabicho_040512_hino_mju.0004.wav	gabicho							
2003	data01/moriaogaeru_100618_sado_mju.0008.wav	moriaogaeru							
2006	data01/shimaenaga_110228_tomamae_mju.0002.wav	shimaenaga							
2007	data01/shimaenaga_110228_tomamae_mju.0005.wav	shimaenaga							
2012	data01/uchiyama_150703_fukuoka_kuroda.0002.wav	uchiyama							
2023	data01/kojurin_040614_tonegawa_kuroda.0005.wav	kojyurin							
2026	data01/gojyuukara_111206_nasu_hirano.0007.wav	gojyuukara							
2047	data01/omashiko_121203_tottori_kuroda.0005.wav	omashiko							
2048	data01/kokumaru_130410_aomori_kuroda.0002.wav	kokumaru							
2054	data01/oseguro_20110201_tomamae_mju.0005.wav	oseguro							
2055	data01/ochu2_150524_tsushima_mju.0004.wav	ochu							
2059	data01/torafu_080602_tochigi_hirano.0001.wav	torafu							
2060	data01/kaojirogabicho_20140410_watarase_hirano.0005.wav	kaojirogabityou							
2070	data01/ojurin_091116_watarase_hirano.0005.wav	ojurin							
2075	data01/gojukara_090509_shioya_hirano.0003.wav	gojyuukara							
2086	data01/tagogaeru_060603_okutadami_mju.0004.wav	tagogaeru							
2096	data01/tancho_080701_doto_kuroda.0001.wav	tancho							
2097	data01/tancho_080701_doto_kuroda.0002.wav	tancho							
2099	data01/saru_11060700_chichibu_mju.0007.wav	saru							
2105	data01/hiyodorihina_140607_hyogo_kaji.0000.wav	hiyodorihina							
2106	data01/fukuro_110425_osaka_murahama.0003.wav	fukuro							
2107	data01/fukuro_070514_tanzawa_mju.0001.wav	fukuro							
2110	data01/jobitakic_160808_hyogo_kuroda.0016.wav	jyoubitaki							
2113	data01/oseguro_20110201_tomamae_mju.0006.wav	oseguro							
2118	data01/kaojirogabityou_120406_watarase_hirano.0004.wav	kaojirogabityou							
2120	data01/ryuukyuuakashoubin_050409_okinawa_kaji.0005.wav	ryuukyuuakashoubin							
2128	data01/mosukemiso_160701_miyake_kuroda.0000.wav	mosukemisosazai							
2130	data01/tonen_120921_hyogo_kuroda.0000.wav	tonen							
2138	data01/jobitaki_121027_hyogo_kuroda.0000.wav	jyoubitaki							
2140	data01/ochu_150524_tsushima_mju.0000.wav	ochu							
2142	data01/fukurou_070605_nasushiobara_hirano.0000.wav	hukurou							
2144	data01/osahashibuto_120423_ishigaki_moriya.0004.wav	osahashibuto							
2145	data01/uchiyama_150703_fukuoka_kuroda.0003.wav	uchiyama							
2147	data01/uchiyama_c1_090627_kashima_kuroda.0002.wav	uchiyama							
2149	data01/kojyukei_120704_sano_hirano.0002.wav	kojyukei							
2168	data01/tonen_130830hyogo_kuroda.0001.wav	tonen							
2170	data01/yairocho_090602_nagano_uematsu.0002.wav	yairocho							
2171	data01/okonoha_140413_nikko_abe.0000.wav	okonoha							
2172	data01/kokumaru_130410_aomori_kuroda.0006.wav	kokumaru							
2184	data01/gojukara_110402_maruyama_namba.0002.wav	gojyuukara							
2185	data01/gojukara_110402_maruyama_namba.0008.wav	gojyuukara							
2186	data01/jobitaki_150503_shiga.0002.wav	jyoubitaki							
2188	data01/iijimac_160515_miyake_kuroda.0001.wav	iijima							
2191	data01/amerikakoaji_140718_hikawahama_nuka.0003.wav	amerikakoaji							
2193	data01/jobitaki_141021_hyogo_kuroda.0000.wav	jyoubitaki							
2199	data01/shimaenaga_110228_tomamae_mju.0006.wav	shimaenaga							
2201	data01/onikakko_150527_amami_miyayama.0002.wav	onikakko							
2202	data01/sadokakesu_100223_sado_mju.0002.wav	sadokakesu							
2205	data01/omizunagi_120801_fukuoka_mju.0006.wav	omizunagi							
2219	data01/jobitaki_150503_shiga.0003.wav	jyoubitaki							
2227	data01/kaojirogabicho_20140410_watarase_hirano.0002.wav	kaojirogabityou							
2228	data01/konotori_150629_toyooka_kuroda.0000.wav	konotori							
2235	data01/rtsubame_120419_yona_moriya.0004.wav	rtsubame							
2239	data01/otoratugumi_100325_amami-anengachi_ik.0005.wav	otoratugumi							
2242	data01/jobitaki_141021_hyogo_kuroda.0001.wav	jyoubitaki							
2243	data01/takabu2_140902_tatsuno_kuroda.0002.wav	takabu							
2247	data01/jobitaki_121027_hyogo_kuroda.0002.wav	jyoubitaki							
2252	data01/soushicho_0811_hyogo_kaji.0003.wav	soushicho							
2254	data01/tyuhi_100406_watarase.0009.wav	chuhi							
2259	data01/tagogaeru_060603_okutadami_mju.0007.wav	tagogaeru							
2261	data01/takabu_130428_saga_moriya.0006.wav	takabu							
2262	data01/jobitaki_071107_watarase_hirano.0001.wav	jyoubitaki							
2263	data01/gojyuukara_111206_nasu_hirano.0001.wav	gojyuukara							
2265	data01/fukuro_160417_osaka_murahama.0006.wav	fukuro							
2268	data01/gojukarahina_140514_kyoto_kaji.0005.wav	gojyuukara							
2279	data01/ezosen_130603_muroran_kuros.0000.wav	ezosen							
2288	data01/kyojoshigi_110419_hahajima_mju.0011.wav	kyojoshigi							
2295	data01/kitakitsune_051017_muroran_mju.0000.wav	kitakitsune							
2301	data01/ochu_150524_tsushima_mju.0004.wav	ochu							
2303	data01/chushaku_120430_tatsuno_kuroda.0003.wav	chushakushyigi							
2304	data01/mejiroc_160516_miyake_kuroda.0004.wav	jyoubitaki							
2305	data01/gojukara_070928_nasushio_hirano.0001.wav	gojyuukara							
2315	data01/jobitakic_160808_hyogo_kuroda.0005.wav	jyoubitaki							
2318	data01/horoku_090409_sanbanse_moriya.0000.wav	horoku							
2323	data01/rtsubame_120419_yona_moriya.0007.wav	rtsubame							
2327	data01/jobitaki_150503_shiga.0004.wav	jyoubitaki							
2330	data01/bupposo970803_tottori_kuroda.0001.wav	bupposo							
2331	data01/torafu_080602_tochigi_hirano.0008.wav	torafu							
2333	data01/jobitaki_160808_hyogo_kuroda.0013.wav	jyoubitaki							
2345	data01/ezoraicho_160420_furano_cf.0001.wav	ezoraicho							
2346	data01/shimaenaga_110228_tomamae_mju.0003.wav	shimaenaga							
2348	data01/soushicho_0811_hyogo_kaji.0008.wav	soushicho							
2349	data01/mejiroc_160516_miyake_kuroda.0000.wav	jyoubitaki							
2351	data01/karafutomuji_140514_tobishima_mima.0009.wav	karafutomuji							
2353	data01/hakkacho_131122_tasuno_kuroda.0009.wav	hakkacho							
2360	data01/okonoha_110518_nikko_abe.0003.wav	okonoha							
2362	data01/kojurin_040614_tonegawa_kuroda.0007.wav	kojyurin							
2368	data01/fukuro_070514_tanzawa_mju.0003.wav	fukuro							
2369	data01/omashiko_121203_tottori_kuroda.0003.wav	omashiko							
2382	data01/tonen_130830hyogo_kuroda.0003.wav	tonen							
2386	data01/rkibitaki_120423_ishigaki_moriya.0000.wav	ryuukyuukibitaki							
2387	data01/ojurin_080701_doto_kuroda.0003.wav	ojurin							
2391	data01/himeama2_150510_naganuma_mju.0000.wav	himeama							
2392	data01/shimaenaga_110228_tomamae_mju.0012.wav	shimaenaga							
2393	data01/shimaenaga_110228_tomamae_mju.0015.wav	shimaenaga							
2396	data01/akashobin_150613_okutadami_abe.0010.wav	akashobin							
2397	data01/ezosen_090819_nemuro_mju.0002.wav	ezosen							
2398	data01/hakkacho_131122_tasuno_kuroda.0005.wav	hakkacho							
2403	data01/okonoha_110518_nikko_abe.0000.wav	okonoha							
2404	data01/kojurin_040614_tonegawa_kuroda.0006.wav	kojyurin							
2407	data01/saru_11060700_chichibu_mju.0001.wav	saru							
2409	data01/rkibitaki_120423_ishigaki_moriya.0010.wav	ryuukyuukibitaki							
2410	data01/rakashobin_120419_yambaru_moriya.0004.wav	ryuukyuuakashoubin							
2413	data01/kaojirogabityou_120406_watarase_hirano.0002.wav	kaojirogabityou							
2418	data01/segurokakko_130530_shimane_wada.0000.wav	segurokakko							
2420	data01/gojyukara_140425_nasushiobara_hirano.0001.wav	gojyuukara							
2427	data01/sorihashi_130825_hyogo_kuroda.0001.wav	sorihashi							
2434	data01/kohakucho_151129_kaga_mju.0008.wav	kohakucyou							
2438	data01/moriaogaeru_100618_sado_mju.0004.wav	moriaogaeru							
2439	data01/shimaenaga_110228_tomamae_mju.0017.wav	shimaenaga							
2441	data01/karafutomuji_140514_tobishima_mima.0003.wav	karafutomuji							
2442	data01/hakkacho_131122_tasuno_kuroda.0002.wav	hakkacho							
2444	data01/fukuro_130514_uryu_mju.0001.wav	fukuro							
2450	data01/tagogaeru_060603_okutadami_mju.0006.wav	tagogaeru							
2455	data01/gojyuukara_111206_nasu_hirano.0006.wav	gojyuukara							
2470	data01/okonoha_110509_nikko_abe.0000.wav	okonoha							
2478	data01/ryuukyuuakashoubin_050409_okinawa_kaji.0013.wav	ryuukyuuakashoubin							
2481	data01/kimayu_151014_fukuoka_kuroda.0002.wav	kimayu							
2482	data01/jobitaki_160808_hyogo_kuroda.0015.wav	jyoubitaki							
2483	data01/komori_091212_ehime_kuroda.0001.wav	komori							
2485	data01/oseguro_20110201_tomamae_mju.0004.wav	oseguro							
2493	data01/ezoraicho_080703_doto_kuroda.0009.wav	ezoraicho							
2496	data01/harioama_080704_doto_kuroda.0001.wav	harioama							
2503	data01/kaojirogabityou_120406_watarase_hirano.0006.wav	kaojirogabityou							
2507	data01/chigohaya_110601_morioka_mikami.0003.wav	chigohaya							
2509	data01/uchiyama_090612_koshima_kuroda.0003.wav	uchiyama							
2516	data01/kajikagaeru_130618_nashushiobara.0004.wav	kajikagaeru							
2518	data01/kojyurin_100202_utsunomiya_hirano.0008.wav	kojyurin							
2519	data01/ochu_150524_tsushima_mju.0009.wav	ochu							
2522	data01/himeama2_150510_naganuma_mju.0001.wav	himeama							
2532	data01/kamoshika_140510_nikko_abe.0000.wav	kamoshika							
2540	data01/fukuro_160417_osaka_murahama.0000.wav	fukuro							
2541	data01/fukuro_160417_osaka_murahama.0012.wav	fukuro							
2547	data01/hikigaeru_110313_kokubunji_mju.0002.wav	hikigaeru							
2548	data01/hojirogamo_110325_tomakomai_namba.0002.wav	hojirogamo							
2555	data01/jobitaki_141021_hyogo_kuroda.0004.wav	jyoubitaki							
2557	data01/jobitakic_160808_hyogo_kuroda.0010.wav	jyoubitaki							
2563	data01/ohakucho_100227_otawara_hirano.0000.wav	ohakucho							
2566	data01/kaojirogabityou_120406_watarase_hirano.0001.wav	kaojirogabityou							
2569	data01/jobitaki_121027_hyogo_kuroda.0001.wav	jyoubitaki							
2570	data01/kojyurin_100202_utsunomiya_hirano.0002.wav	kojyurin							
2571	data01/gabicho_040512_hino_mju.0000.wav	gabicho							
2577	data01/gojukara_070928_nasushio_hirano.0004.wav	gojyuukara							
2582	data01/tagogaeru_060603_okutadami_mju.0003.wav	tagogaeru							
2596	data01/kaojirogabityou_120406_watarase_hirano.0003.wav	kaojirogabityou							
2602	data01/jyoubitaki_121112_utsunomiya_hirano.0005.wav	jyoubitaki							
2608	data01/ryuukyuukibitaki_060312_okinawa_kaji.0000.wav	ryuukyuukibitaki							
2609	data01/chuhi_091124_watarase_hirano.0005.wav	chuhi							
2614	data01/otoratugumi_100325_amami-anengachi_ik.0001.wav	otoratugumi							
2615	data01/chushaku1_120430_tatsuno_kuroda.0001.wav	chushakushyigi							
2616	data01/chigohaya_110601_morioka_mikami.0000.wav	chigohaya							
2622	data01/kojyurin_100202_utsunomiya_hirano.0001.wav	kojyurin							
2631	data01/takabu_130428_saga_moriya.0011.wav	takabu							
2635	data01/himeama_140614_fuji_mju.0006.wav	himeama							
2636	data01/soshicho_c_070331_kokubunji_mju.0003.wav	soushicho							
2650	data01/yamaakagaeru_200702_hyogo_kuroda.0006.wav	yamaakagaeru							
2655	data01/ochu2_150524_tsushima_mju.0013.wav	ochu							
2656	data01/honsei_100503_kunitachi_mju.0002.wav	honsei							
2659	data01/chigohaya_110601_morioka_mikami.0002.wav	chigohaya							
2662	data01/chogenbo_keikai_130303_utsunomiya_hirano.0002.wav	chogenbo							
2665	data01/uchiyama_090627_kashima_kuroda.0002.wav	uchiyama							
2680	data01/kojurin_040614_tonegawa_kuroda.0000.wav	kojyurin							
2684	data01/gojyuukara_111206_nasu_hirano.0002.wav	gojyuukara							
2689	data01/ojurin_080701_doto_kuroda.0000.wav	ojurin							
2690	data01/oseguro_20110201_tomamae_mju.0002.wav	oseguro							
2697	data01/chuhi_091124_watarase_hirano.0002.wav	chuhi							
2705	data01/ostoaka_140307_amami_ishida.0000.wav	oosutonooakagera							
2719	data01/ezoraicho2_160420_furano_cf.0002.wav	ezoraicho							
2720	data01/ojurin_080701_doto_kuroda.0002.wav	ojurin							
2728	data01/jobitaki_160808_hyogo_kuroda.0003.wav	jyoubitaki							
2730	data01/kaojirogabityou_120406_watarase_hirano.0008.wav	kaojirogabityou							
2732	data01/gojukara_110402_maruyama_namba.0005.wav	gojyuukara							
2736	data01/zuaka_080512_taketomi_mtakagi.0001.wav	zuaka							
2737	data01/zuaka_080512_taketomi_mtakagi.0003.wav	zuaka							
2738	data01/kohakucho_151129_kaga_mju.0000.wav	kohakucyou							
2742	data01/gabicho_100625_tama_miya.0003.wav	gabicho							
2748	data01/sadokakesu_100223_sado_mju.0001.wav	sadokakesu							
2753	data01/tagogaeru_060603_okutadami_mju.0001.wav	tagogaeru							
2754	data01/ezorisu_110402_maruyama_namba.0000.wav	ezorisu							
2763	data01/himeama_140614_fuji_mju.0002.wav	himeama							
2769	data01/kohakucyou_051107_tottori_kaji.0001.wav	kohakucyou							
2777	data01/ezoraicho2_160420_furano_cf.0001.wav	ezoraicho							
2779	data01/kyojoshigi_110419_hahajima_mju.0012.wav	kyojoshigi							
2783	data01/kohakucho_130407_aomori_kuroda.0000.wav	kohakucyou							
2786	data01/gojyukara_140425_nasushiobara_hirano.0000.wav	gojyuukara							
2791	data01/ezosen_130603_muroran_kuros.0003.wav	ezosen							
2799	data01/bupposo970803_tottori_kuroda.0003.wav	bupposo							
2810	data01/rkibitaki_120423_ishigaki_moriya.0007.wav	ryuukyuukibitaki							
2813	data01/kohakucho_151129_kaga_mju.0010.wav	kohakucyou							
2815	data01/fukurou_070605_nasushiobara_hirano.0002.wav	hukurou							
2816	data01/moriaogaeru_100618_sado_mju.0012.wav	moriaogaeru							
2817	data01/sanko_9806_takara_anezaki.0001.wav	sanko							
2840	data01/tancho_080701_doto_kuroda.0000.wav	tancho							
2865	data01/gojukarahina_140514_kyoto_kaji.0004.wav	gojyuukara							
2873	data01/kitakitsune_051017_muroran_mju.0001.wav	kitakitsune							
2874	data01/kimayu_151014_fukuoka_kuroda.0000.wav	kimayu							
2875	data01/oseguro_20110201_tomamae_mju.0003.wav	oseguro							
2877	data01/ochu2_150524_tsushima_mju.0006.wav	ochu							
2879	data01/uchiyama_090612_koshima_kuroda.0008.wav	uchiyama							
2881	data01/segurokakko_150523_tsushima_mju.0000.wav	segurokakko							
2892	data01/ojurin_091116_watarase_hirano.0003.wav	ojurin							
2894	data01/gojukara_090509_shioya_hirano.0002.wav	gojyuukara							
2896	data01/kajikagaeru_130618_nashushiobara.0002.wav	kajikagaeru							
2897	data01/uchiyama_090627_kashima_kuroda.0000.wav	uchiyama							
2899	data01/ochu_150524_tsushima_mju.0011.wav	ochu							
2902	data01/shimaenaga_110228_tomamae_mju.0004.wav	shimaenaga							
2912	data01/hakkacho_131122_tasuno_kuroda.0003.wav	hakkacho							
2913	data01/hakkacho_131122_tasuno_kuroda.0008.wav	hakkacho							
2921	data01/kakko_120629_utsunomiya_hirano.0005.wav	kakko							
2938	data01/jobitaki_160808_hyogo_kuroda.0014.wav	jyoubitaki							
2945	data01/torafu_080602_tochigi_hirano.0007.wav	torafu							
2951	data01/hinakomori_140527_wakayama_kuroda.0006.wav	hinakomori							
2953	data01/hakkacho_120514b_himeji_kuroda.0000.wav	hakkacho							
2955	data01/hinakomori_140527_wakayama_kuroda.0004.wav	hinakomori							
2959	data01/ezosen_130603_muroran_kuros.0005.wav	ezosen							
2964	data01/nezumi_080409_tottori_kuroda.0003.wav	nezumi							
2973	data01/ojurin_080701_doto_kuroda.0006.wav	ojurin							
2982	data01/ochu_150524_tsushima_mju.0002.wav	ochu							
2983	data01/ochu_150524_tsushima_mju.0010.wav	ochu							
2986	data01/kaogurogabi_130429_akikawa_miya.0001.wav	kaogurogabi							
2987	data01/kaogurogabi_130429_akikawa_miya.0004.wav	kaogurogabi							
2994	data01/akashobin_150613_okutadami_abe.0001.wav	akashobin							
2995	data01/uchiyama_150703_fukuoka_kuroda.0005.wav	uchiyama							
2996	data01/karafutomuji_140514_tobishima_mima.0012.wav	karafutomuji							
2999	data01/ezorisu_110402_maruyama_namba.0005.wav	ezorisu							
3009	data01/fukuro_160417_osaka_murahama.0011.wav	fukuro							
3015	data01/kakko_070716_chikuma_kasahara.0000.wav	kakko							
3022	data01/jobitakic_160808_hyogo_kuroda.0004.wav	jyoubitaki							
3043	data01/chushaku_120430_tatsuno_kuroda.0000.wav	chushakushyigi							
3045	data01/akashobin_150613_okutadami_abe.0008.wav	akashobin							
3047	data01/sadokakesu_100223_sado_mju.0004.wav	sadokakesu							
3052	data01/takabu_130428_saga_moriya.0009.wav	takabu							
3067	data01/chogenbo_keikai_130303_utsunomiya_hirano.0001.wav	chogenbo							
3068	data01/kaojirogabityou_120406_watarase_hirano.0000.wav	kaojirogabityou							
3069	data01/ojurin_091116_watarase_hirano.0001.wav	ojurin							
3070	data01/segurokakko_150523_tsushima_mju.0002.wav	segurokakko							
3075	data01/kojukei2_060512_hino_mju.0000.wav	kojyukei							
3086	data01/ryuukyuukibitaki_060312_okinawa_kaji.0007.wav	ryuukyuukibitaki							
3100	data01/hinakomori_140527_wakayama_kuroda.0005.wav	hinakomori							
3106	data01/shimaenaga_110228_tomamae_mju.0007.wav	shimaenaga							
3107	data01/shimaenaga_110228_tomamae_mju.0010.wav	shimaenaga							
3111	data01/mejiroc_160516_miyake_kuroda.0005.wav	jyoubitaki							
3112	data01/akashobin_150613_okutadami_abe.0002.wav	akashobin							
3113	data01/dobato_100506_kunitachi_mju.0000.wav	dobato							
3139	data01/yamaakagaeru_200702_hyogo_kuroda.0004.wav	yamaakagaeru							
3144	data01/ryuukyuukibitaki_060312_okinawa_kaji.0003.wav	ryuukyuukibitaki							
3161	data01/kaojirogabicho_20140410_watarase_hirano.0006.wav	kaojirogabityou							
3162	data01/hikigaeru_110313_kokubunji_mju.0001.wav	hikigaeru							
3163	data01/harioama_080704_doto_kuroda.0000.wav	harioama							
3165	data01/honsei_100503_kunitachi_mju.0005.wav	honsei							
3172	data01/hojirogamo_110325_tomakomai_namba.0003.wav	hojirogamo							
3174	data01/jyoubitaki_121112_utsunomiya_hirano.0003.wav	jyoubitaki							
3186	data01/ochu_150524_tsushima_mju.0012.wav	ochu							
3190	data01/kaogurogabi_130429_akikawa_miya.0000.wav	kaogurogabi							
3195	data01/osahashibuto_120423_ishigaki_moriya.0007.wav	osahashibuto							
3197	data01/sadokakesu_100223_sado_mju.0000.wav	sadokakesu							
3202	data01/chushakushyigi_120423_ishigaki_moriya.0001.wav	chushakushyigi							
3204	data01/takabu_130428_saga_moriya.0001.wav	takabu							
3209	data01/himeama_150510_naganuma_mju.0005.wav	himeama							
3210	data01/kojurin_040614_tonegawa_kuroda.0004.wav	kojyurin							
3213	data01/fukuro_160417_osaka_murahama.0004.wav	fukuro							
3223	data01/kojukei2_060512_hino_mju.0006.wav	kojyukei							
3225	data01/amerikakoaji_140718_hikawahama_nuka.0000.wav	amerikakoaji							
3228	data01/komori_091212_ehime_kuroda.0000.wav	komori							
3237	data01/chuhi_080110_watarase_hirano.0000.wav	chuhi							
3238	data01/akaeri_110702_sarobetsu_namba.0002.wav	akaeri							
3244	data01/zuaka_080512_taketomi_mtakagi.0002.wav	zuaka							
3251	data01/honsei_100503_kunitachi_mju.0007.wav	honsei							
3253	data01/fukuro_110425_osaka_murahama.0002.wav	fukuro							
3255	data01/kohakucho_151129_kaga_mju.0004.wav	kohakucyou							
3256	data01/fukuro_140510_nikko_abe.0000.wav	fukuro							
3257	data01/kitakitsune_051017_muroran_mju.0003.wav	kitakitsune							
3263	data01/fukurou_070605_nasushiobara_hirano.0001.wav	hukurou							
3269	data01/akashobin_150613_okutadami_abe.0000.wav	akashobin							
3270	data01/ezosen_090819_nemuro_mju.0006.wav	ezosen							
3272	data01/karafutomuji_140514_tobishima_mima.0004.wav	karafutomuji							
3281	data01/takabu_130428_saga_moriya.0007.wav	takabu							
3289	data01/ostoaka_140307d_amami_ishida.0001.wav	oosutonooakagera							
3290	data01/hukurou_100420_watarase.0001.wav	hukurou							
3302	data01/akaeri_110702_sarobetsu_namba.0000.wav	akaeri							
3303	data01/gojukarahina_140514_kyoto_kaji.0003.wav	gojyuukara							
3308	data01/konotori_140602_toyooka_kuroda.0003.wav	konotori							
3309	data01/konotori_150629_toyooka_kuroda.0002.wav	konotori							
3316	data01/iijima_160515_miyake_kuroda.0000.wav	iijima							
3322	data01/ryuukyuukibitaki_060312_okinawa_kaji.0004.wav	ryuukyuukibitaki							
3325	data01/uchiyama_c2_090627_kashima_kuroda.0000.wav	uchiyama							
3339	data01/kohakucho_130407_aomori_kuroda.0005.wav	kohakucyou							
3342	data01/ezoraicho_160420_furano_cf.0002.wav	ezoraicho							
3352	data01/karafutomuji_140514_tobishima_mima.0001.wav	karafutomuji							
3353	data01/karafutomuji_140514_tobishima_mima.0005.wav	karafutomuji							
3364	data01/gojyuukara_111206_nasu_hirano.0008.wav	gojyuukara							
3376	data01/kojukei2_060512_hino_mju.0005.wav	kojyukei							
3379	data01/uchiyama_090612_koshima_kuroda.0004.wav	uchiyama							
3380	data01/jobitaki_160808_hyogo_kuroda.0011.wav	jyoubitaki							
3395	data01/hiyodorihina_140607_hyogo_kaji.0010.wav	hiyodorihina							
3397	data01/hinakomori_140527_wakayama_kuroda.0003.wav	hinakomori							
3400	data01/omashiko_121203_tottori_kuroda.0002.wav	omashiko							
3404	data01/ryuukyuuakashoubin_050409_okinawa_kaji.0001.wav	ryuukyuuakashoubin							
3419	data01/gabicho_040512_hino_mju.0005.wav	gabicho							
3420	data01/moriaogaeru_100618_sado_mju.0013.wav	moriaogaeru							
3423	data01/ezoraicho_160420_furano_cf.0000.wav	ezoraicho							
3431	data01/karafutomuji_140514_tobishima_mima.0008.wav	karafutomuji							
3442	data01/himeama_150510_naganuma_mju.0001.wav	himeama							
3456	data01/kohakucyou_051107_tottori_kaji.0000.wav	kohakucyou							
3463	data01/jobitaki_160808_hyogo_kuroda.0010.wav	jyoubitaki							
3474	data01/ezoraicho_080703_doto_kuroda2.0000.wav	ezoraicho							
3475	data01/jobitakic_160808_hyogo_kuroda.0000.wav	jyoubitaki							
3478	data01/hikigaeru_110313_kokubunji_mju.0005.wav	hikigaeru							
3481	data01/rakashobin_120419_yambaru_moriya.0002.wav	ryuukyuuakashoubin							
3488	data01/kakko060602_kokubunji_mju.0010.wav	kakko							
3494	data01/oseguro_20110201_tomamae_mju.0008.wav	oseguro							
3496	data01/otoratugumi_100325_amami-anengachi_ik.0002.wav	otoratugumi							
3497	data01/tonen_130830hyogo_kuroda.0002.wav	tonen							
3501	data01/tyuhi_100406_watarase.0004.wav	chuhi							
3507	data01/iijima_160516_miyake_kuroda.0000.wav	iijima							
3508	data01/omizunagi_120801_fukuoka_mju.0004.wav	omizunagi							
3513	data01/tagogaeru_060603_okutadami_mju.0000.wav	tagogaeru							
3522	data01/fukuro_160417_osaka_murahama.0001.wav	fukuro							
3533	data01/jobitaki_160808_hyogo_kuroda.0000.wav	jyoubitaki							
3546	data01/kakko060602_kokubunji_mju.0003.wav	kakko							
3554	data01/takabu2_140902_tatsuno_kuroda.0001.wav	takabu							
3557	data01/kyojoshigi_110419_hahajima_mju.0002.wav	kyojoshigi							
3571	data01/soushicho_0811_hyogo_kaji.0004.wav	soushicho							
3574	data01/akasho_9806_takara_anezaki.0002.wav	ryuukyuuakashoubin							
3586	data01/fukuro_160417_osaka_murahama.0005.wav	fukuro							
3592	data01/hakkacho_120514b_himeji_kuroda.0007.wav	hakkacho							
3598	data01/okonoha_090521_iwase_abe.0000.wav	okonoha							
3603	data01/jobitaki_141021_hyogo_kuroda.0003.wav	jyoubitaki							
3605	data01/gojukara_110402_maruyama_namba.0001.wav	gojyuukara							
3608	data01/yamaakagaeru_200702_hyogo_kuroda.0008.wav	yamaakagaeru							
3609	data01/chigohaya_110601_morioka_mikami.0005.wav	chigohaya							
3624	data01/hakkacho_120514a_himeji_kuroda.0003.wav	hakkacho							
3628	data01/moriaogaeru_100618_sado_mju.0000.wav	moriaogaeru							
3630	data01/uchiyama_090627_kashima_kuroda.0003.wav	uchiyama							
3631	data01/higegabi_141015_kochi_kuroda.0004.wav	higegabi							
3641	data01/takabu_130428_saga_moriya.0008.wav	takabu							
3647	data01/ostoaka_140307d_amami_ishida.0000.wav	oosutonooakagera							
3652	data01/saru_11060700_chichibu_mju.0004.wav	saru							
3663	data01/ochu2_150524_tsushima_mju.0012.wav	ochu							
3666	data01/uchiyama_c2_090627_kashima_kuroda.0001.wav	uchiyama							
3670	data01/himeama2_150510_naganuma_mju.0005.wav	himeama							
3671	data01/okonoha_130505_nikko_abe.0007.wav	okonoha							
3674	data01/soushicho_0906_hyogo_kaji.0000.wav	soushicho							
3697	data01/korigamo_110205_wakkanai_mju.0000.wav	korigamo							
3700	data01/nezumi_080409_tottori_kuroda.0004.wav	nezumi							
3702	data01/akashobin_150613_okutadami_abe.0004.wav	akashobin							
3713	data01/hajirokai_140214_tatsuno_kuroda.0002.wav	hajirokai							
3737	data01/bupposo970803_tottori_kuroda.0006.wav	bupposo							
3743	data01/sorihashi_130825_hyogo_kuroda.0000.wav	sorihashi							
3745	data01/tsumenagahojiro_111217_mukawa_namba.0000.wav	tsumenagahojiro							
3753	data01/kimayu_151014_fukuoka_kuroda.0003.wav	kimayu							
3754	data01/ezosen_130603_muroran_kuros.0004.wav	ezosen							
3755	data01/kokumaru_130410_aomori_kuroda.0005.wav	kokumaru							
3759	data01/kokumaru_130410_aomori_kuroda.0000.wav	kokumaru							
3761	data01/ryuukyuuakashoubin_050409_okinawa_kaji.0012.wav	ryuukyuuakashoubin							
3762	data01/mosukemiso_160701_miyake_kuroda.0001.wav	mosukemisosazai							
3768	data01/ezosen_090819_nemuro_mju.0001.wav	ezosen							
3769	data01/ezosen_090819_nemuro_mju.0008.wav	ezosen							
3771	data01/uchiyama_150703_fukuoka_kuroda.0001.wav	uchiyama							
3786	data01/kojurin_040614_tonegawa_kuroda.0001.wav	kojyurin							
3787	data01/gojyuukara_111206_nasu_hirano.0003.wav	gojyuukara							
3790	data01/hajirokai_140214_tatsuno_kuroda.0000.wav	hajirokai							
3799	data01/kaojirogabicho_20140410_watarase_hirano.0004.wav	kaojirogabityou							
3800	data01/jobitaki_160808_hyogo_kuroda.0007.wav	jyoubitaki							
3801	data01/gabicho_100625_tama_miya.0002.wav	gabicho							
3804	data01/zuaka_9806_takara_anezaki.0000.wav	zuaka							
3810	data01/kakko060602_kokubunji_mju.0001.wav	kakko							
3817	data01/segurokakko_150523_tsushima_mju.0005.wav	segurokakko							
3824	data01/fukuro_110425_osaka_murahama.0000.wav	fukuro							
3825	data01/ginmuku_150326_cheju_mju.0002.wav	ginmuku							
3829	data01/jobitaki_141021_hyogo_kuroda.0005.wav	jyoubitaki							
3830	data01/chuhi_091124_watarase_hirano.0004.wav	chuhi							
3831	data01/ezoraicho_080703_doto_kuroda.0002.wav	ezoraicho							
3835	data01/hakkacho_120514a_himeji_kuroda.0000.wav	hakkacho							
3843	data01/tanekoma_160516_miyake_kuroda.0002.wav	tanekoma							
3849	data01/kakko_120629_utsunomiya_hirano.0004.wav	kakko							
3852	data01/jobitaki_071107_watarase_hirano.0004.wav	jyoubitaki							
3862	data01/kyojoshigi_110419_hahajima_mju.0007.wav	kyojoshigi							
3866	data01/amerikakoaji_140718_hikawahama_nuka.0004.wav	amerikakoaji							
3867	data01/honsei_100503_kunitachi_mju.0001.wav	honsei							
3871	data01/jobitaki_140523_hyogo_kuroda.0001.wav	jyoubitaki							
3886	data01/yairocho_090602_nagano_uematsu.0000.wav	yairocho							
3913	data01/jobitaki_071107_watarase_hirano.0003.wav	jyoubitaki							
3919	data01/kohakucho_130407_aomori_kuroda.0002.wav	kohakucyou							
3920	data01/jobitaki_141021_hyogo_kuroda.0006.wav	jyoubitaki							
3927	data01/chushaku_120430_tatsuno_kuroda.0002.wav	chushakushyigi							
3936	data01/moriaogaeru_100618_sado_mju.0011.wav	moriaogaeru							
3937	data01/uchiyama_090627_kashima_kuroda.0006.wav	uchiyama							
3944	data01/shimaenaga_110228_tomamae_mju.0001.wav	shimaenaga							
3945	data01/kaojirogabicho_20140410_watarase_hirano.0000.wav	kaojirogabityou							
3949	data01/ezoraicho2_160420_furano_cf.0000.wav	ezoraicho							
3969	data01/kojurin_040614_tonegawa_kuroda.0003.wav	kojyurin							
3979	data01/gojukara_110402_maruyama_namba.0000.wav	gojyuukara							
3984	data01/kyojoshigi_110419_hahajima_mju.0003.wav	kyojoshigi							
3990	data01/ryuukyuuakashoubin_050409_okinawa_kaji.0006.wav	ryuukyuuakashoubin							
3992	data01/chushaku1_120430_tatsuno_kuroda.0002.wav	chushakushyigi							
3994	data01/gojukarahina_140514_kyoto_kaji.0001.wav	gojyuukara							
4006	data01/honsei_100503_kunitachi_mju.0006.wav	honsei							
4011	data01/hakkacho_120514a_himeji_kuroda.0002.wav	hakkacho							
4012	data01/ishigakishiju_120423_ishigaki_moriya.0001.wav	ishigakishiju							
4015	data01/akashobin_150613_okutadami_abe.0003.wav	akashobin							
4021	data01/iijima_160516_miyake_kuroda.0005.wav	iijima							
4022	data01/iijima_160516_miyake_kuroda.0006.wav	iijima							
4023	data01/tanekoma_160516_miyake_kuroda.0005.wav	tanekoma							
4034	data01/okonoha_090521_iwase_abe.0002.wav	okonoha							
4058	data01/nezumi_080409_tottori_kuroda.0000.wav	nezumi							
4068	data01/omashiko_121203_tottori_kuroda.0004.wav	omashiko							
4069	data01/rkibitaki_120423_ishigaki_moriya.0002.wav	ryuukyuukibitaki							
4072	data01/rkibitaki_120423_ishigaki_moriya.0004.wav	ryuukyuukibitaki							
4074	data01/mosukemiso_160701_miyake_kuroda.0004.wav	mosukemisosazai							
4079	data01/takabu_130428_saga_moriya.0010.wav	takabu							
4085	data01/karafutomuji_140514_tobishima_mima.0007.wav	karafutomuji							
4087	data01/hiyodorihina_140607_hyogo_kaji.0006.wav	hiyodorihina							
4089	data01/tsubamechi_121009_hyogo_kuroda.0001.wav	tsubamechi							
4090	data01/ochu2_150524_tsushima_mju.0011.wav	ochu							
4097	data01/bupposo970803_tottori_kuroda.0008.wav	bupposo							
4098	data01/bupposo_110730_kibi_kuroda.0000.wav	bupposo							
4102	data01/kyojoshigi_110419_hahajima_mju.0004.wav	kyojoshigi							
4108	data01/sorihashi_130825_hyogo_kuroda.0002.wav	sorihashi							
4114	data01/uchiyama_c1_090627_kashima_kuroda.0003.wav	uchiyama							
4117	data01/moriaogaeru_100618_sado_mju.0014.wav	moriaogaeru							
4120	data01/jobitakic_160808_hyogo_kuroda.0015.wav	jyoubitaki							
4122	data01/chuhi_091124_watarase_hirano.0003.wav	chuhi							
4127	data01/bupposo970803_tottori_kuroda.0007.wav	bupposo							
4129	data01/kakko_120629_utsunomiya_hirano.0006.wav	kakko							
4134	data01/himeama_140614_fuji_mju.0005.wav	himeama							
4135	data01/saru_11060700_chichibu_mju.0005.wav	saru							
4145	data01/torafu_080602_tochigi_hirano.0002.wav	torafu							
4152	data01/ryuukyuuakashoubin_050409_okinawa_kaji.0011.wav	ryuukyuuakashoubin							
4163	data01/osahashibuto_120423_ishigaki_moriya.0002.wav	osahashibuto							
4166	data01/rtsubame_120419_yona_moriya.0001.wav	rtsubame							
4174	data01/okonoha_130505_nikko_abe.0003.wav	okonoha							
4179	data01/uchiyama_090612_koshima_kuroda.0010.wav	uchiyama							
4181	data01/torafu_080602_tochigi_hirano.0000.wav	torafu							
4184	data01/chushakushyigi_120423_ishigaki_moriya.0003.wav	chushakushyigi							
4197	data01/nezumi_080409_tottori_kuroda.0002.wav	nezumi							
4201	data01/okonoha_130505_nikko_abe.0006.wav	okonoha							
4203	data01/tsubamechi_121009_hyogo_kuroda.0000.wav	tsubamechi							
4204	data01/jobitaki_160808_hyogo_kuroda.0002.wav	jyoubitaki							
4206	data01/chushakushyigi_120423_ishigaki_moriya.0005.wav	chushakushyigi							
4211	data01/yairocho_090602_nagano_uematsu.0003.wav	yairocho							
4212	data01/jyoubitaki_121112_utsunomiya_hirano.0002.wav	jyoubitaki							
4221	data01/kojyurin_100202_utsunomiya_hirano.0006.wav	kojyurin							
4223	data01/jobitaki_160808_hyogo_kuroda.0012.wav	jyoubitaki							
4233	data01/rtsubame_120419_yona_moriya.0003.wav	rtsubame							
4235	data01/sorihashi_130825_hyogo_kuroda.0004.wav	sorihashi							
4236	data01/fukuro_070514_tanzawa_mju.0004.wav	fukuro							
4237	data01/ezorisu_110402_maruyama_namba.0003.wav	ezorisu							
4240	data01/takabu_130428_saga_moriya.0005.wav	takabu							
4251	data01/saru_11060700_chichibu_mju.0000.wav	saru							
4253	data01/shika_090528_chichibu_mju.0002.wav	shika							
4256	data01/uchiyama_150703_fukuoka_kuroda.0006.wav	uchiyama							
4265	data01/ochu2_150524_tsushima_mju.0002.wav	ochu							
4266	data01/gojukara_090509_shioya_hirano.0000.wav	gojyuukara							
4269	data01/bupposo970803_tottori_kuroda.0004.wav	bupposo							
4270	data01/osahashibuto_120423_ishigaki_moriya.0001.wav	osahashibuto							
4274	data01/ostoaka_140307_amami_ishida.0002.wav	oosutonooakagera							
4283	data01/ohakucho_100227_otawara_hirano.0001.wav	ohakucho							
4285	data01/omizunagi_120801_fukuoka_mju.0002.wav	omizunagi							
4291	data01/fukuro_110425_osaka_murahama.0001.wav	fukuro							
4292	data01/uchiyama_090612_koshima_kuroda.0009.wav	uchiyama							
4293	data01/hiyodorihina_140607_hyogo_kaji.0005.wav	hiyodorihina							
4307	data01/fukuro_160417_osaka_murahama.0013.wav	fukuro							
4308	data01/saru_11060700_chichibu_mju.0006.wav	saru							
4314	data01/hakkacho_120514c_himeji_kuroda.0004.wav	hakkacho							
4322	data01/jobitakic_160808_hyogo_kuroda.0011.wav	jyoubitaki							
4326	data01/tyuhi_100406_watarase.0001.wav	chuhi							
4327	data01/iijima_160516_miyake_kuroda.0001.wav	iijima							
4335	data01/hinakomori_140527_wakayama_kuroda.0000.wav	hinakomori							
4354	data01/ochu2_150524_tsushima_mju.0009.wav	ochu							
4361	data01/shimaenaga_110228_tomamae_mju.0011.wav	shimaenaga							
4363	data01/takabu_130428_saga_moriya.0000.wav	takabu							
4381	data01/kojukei2_060512_hino_mju.0001.wav	kojyukei							
4383	data01/hiyodorihina_140607_hyogo_kaji.0003.wav	hiyodorihina							
4385	data01/takabu_130428_saga_moriya.0002.wav	takabu							
4386	data01/karafutomuji_140514_tobishima_mima.0000.wav	karafutomuji							
4391	data01/gojukara_070928_nasushio_hirano.0002.wav	gojyuukara							
4394	data01/rkibitaki_120423_ishigaki_moriya.0001.wav	ryuukyuukibitaki							
4399	data01/chushakushyigi_120423_ishigaki_moriya.0004.wav	chushakushyigi							
4403	data01/moriaogaeru_100618_sado_mju.0005.wav	moriaogaeru							
4405	data01/segurokakko_150523_tsushima_mju.0001.wav	segurokakko							
4407	data01/soushicho_0811_hyogo_kaji.0006.wav	soushicho							
4415	data01/kakko_120629_utsunomiya_hirano.0002.wav	kakko							
4420	data01/fukuro_160417_osaka_murahama.0009.wav	fukuro							
4424	data01/kyojoshigi_110419_hahajima_mju.0017.wav	kyojoshigi							
4425	data01/uchiyama_090627_kashima_kuroda.0004.wav	uchiyama							
4426	data01/takabu_140902_tatsuno_kuroda.0006.wav	takabu							
4429	data01/ryuukyuuakashoubin_050409_okinawa_kaji.0004.wav	ryuukyuuakashoubin							
4430	data01/uchiyama_090612_koshima_kuroda.0002.wav	uchiyama							
4431	data01/gojukara_070928_nasushio_hirano.0000.wav	gojyuukara							
4433	data01/hiyodorihina_140607_hyogo_kaji.0001.wav	hiyodorihina							
4438	data01/kitakitsune_051017_muroran_mju.0004.wav	kitakitsune							
4440	data01/yamaakagaeru_200702_hyogo_kuroda.0005.wav	yamaakagaeru							
4446	data01/kyojoshigi_110419_hahajima_mju.0009.wav	kyojoshigi							
4455	data01/uchiyama_150703_fukuoka_kuroda.0000.wav	uchiyama							
4460	data01/iijimac_160515_miyake_kuroda.0000.wav	iijima							
4464	data01/soushicho_0906_hyogo_kaji.0001.wav	soushicho							
4467	data01/jobitaki_071107_watarase_hirano.0000.wav	jyoubitaki							
4471	data01/soshicho_c_070331_kokubunji_mju.0006.wav	soushicho							
4479	data01/ryuukyuukibitaki_060312_okinawa_kaji.0001.wav	ryuukyuukibitaki							
4485	data01/osahashibuto_120423_ishigaki_moriya.0003.wav	osahashibuto							
4500	data01/tagogaeru_060603_okutadami_mju.0002.wav	tagogaeru							
4501	data01/karafutomuji_140514_tobishima_mima.0002.wav	karafutomuji							
4508	data01/chushaku_120430_tatsuno_kuroda.0001.wav	chushakushyigi							
4513	data01/akashobin_150613_okutadami_abe.0005.wav	akashobin							
4515	data01/ostooaka090518_amami_isida.0000.wav	oosutonooakagera							
4521	data01/himeama_140614_fuji_mju.0001.wav	himeama							
4526	data01/jyoubitaki_121112_utsunomiya_hirano.0001.wav	jyoubitaki							
4529	data01/ochu_150524_tsushima_mju.0015.wav	ochu							
4534	data01/akashobin_150613_okutadami_abe.0009.wav	akashobin							
4535	data01/nezumi_080409_tottori_kuroda.0005.wav	nezumi							
4537	data01/iijimac_160515_miyake_kuroda.0008.wav	iijima							
4539	data01/shika_090528_chichibu_mju.0000.wav	shika							
4544	data01/jyoubitaki_121112_utsunomiya_hirano.0004.wav	jyoubitaki							
4547	data01/ryuukyuuakashoubin_050409_okinawa_kaji.0000.wav	ryuukyuuakashoubin							
4550	data01/kimayu_151014_fukuoka_kuroda.0001.wav	kimayu							
4557	data01/yamaakagaeru_200702_hyogo_kuroda.0011.wav	yamaakagaeru							
4574	data01/kyojoshigi_110419_hahajima_mju.0006.wav	kyojoshigi							
4586	data01/shimaenaga_110228_tomamae_mju.0019.wav	shimaenaga							
4591	data01/himeama2_150510_naganuma_mju.0002.wav	himeama							
4597	data01/ochu_150524_tsushima_mju.0013.wav	ochu							
4598	data01/hakkacho_120514b_himeji_kuroda.0005.wav	hakkacho							
4603	data01/rakashobin_120419_yambaru_moriya.0001.wav	ryuukyuuakashoubin							
4616	data01/fukuro_160417_osaka_murahama.0010.wav	fukuro							
4617	data01/soshicho_c_070331_kokubunji_mju.0002.wav	soushicho							
4618	data01/soshicho_c_070331_kokubunji_mju.0004.wav	soushicho							
4619	data01/moriaogaeru_100618_sado_mju.0003.wav	moriaogaeru							
4622	data01/ochu_150524_tsushima_mju.0006.wav	ochu							
4629	data01/iijima_160515_miyake_kuroda.0002.wav	iijima							
4634	data01/hakkacho_120514b_himeji_kuroda.0008.wav	hakkacho							
4640	data01/jobitakic_160808_hyogo_kuroda.0014.wav	jyoubitaki							
4646	data01/kyojoshigi_110419_hahajima_mju.0001.wav	kyojoshigi							
4660	data01/omizunagi_120801_fukuoka_mju.0001.wav	omizunagi							
4668	data01/soushicho_0811_hyogo_kaji.0009.wav	soushicho							
4678	data01/kojukei2_060512_hino_mju.0002.wav	kojyukei							
4680	data01/jobitakic_160808_hyogo_kuroda.0003.wav	jyoubitaki							
4681	data01/iijimac_160515_miyake_kuroda.0002.wav	iijima							
4683	data01/ojurin_080701_doto_kuroda.0005.wav	ojurin							
4686	data01/jobitakic_160808_hyogo_kuroda.0019.wav	jyoubitaki							
4687	data01/higegabi_141015_kochi_kuroda.0001.wav	higegabi							
4688	data01/jobitakic_160808_hyogo_kuroda.0020.wav	jyoubitaki							
4705	data01/ochu_150524_tsushima_mju.0001.wav	ochu							
4706	data01/ojurin_080701_doto_kuroda.0001.wav	ojurin							
4708	data01/akashobin_150611_kosado_mju.0003.wav	akashobin							
4709	data01/ochu2_150524_tsushima_mju.0003.wav	ochu							
4716	data01/ezoraicho_080703_doto_kuroda.0004.wav	ezoraicho							
4727	data01/tanekoma_160516_miyake_kuroda.0004.wav	tanekoma							
4732	data01/mejiroc_160516_miyake_kuroda.0006.wav	jyoubitaki							
4736	data01/jobitaki_071107_watarase_hirano.0008.wav	jyoubitaki							
4737	data01/ginmuku_150326_cheju_mju.0000.wav	ginmuku							
4738	data01/ezoraicho_080703_doto_kuroda.0003.wav	ezoraicho							
4744	data01/rtsubame_120419_yona_moriya.0006.wav	rtsubame							
4754	data01/yamaakagaeru_200702_hyogo_kuroda.0009.wav	yamaakagaeru							
4758	data01/fukuro_160417_osaka_murahama.0003.wav	fukuro							
4763	data01/kajikagaeru_130618_nashushiobara.0001.wav	kajikagaeru							
4764	data01/amerikakoaji_140718_hikawahama_nuka.0005.wav	amerikakoaji							
4767	data01/hiyodorihina_140607_hyogo_kaji.0008.wav	hiyodorihina							
4771	data01/soushicho_0906_hyogo_kaji.0003.wav	soushicho							
4772	data01/fukuro_160417_osaka_murahama.0002.wav	fukuro							
4773	data01/shika_090528_chichibu_mju.0001.wav	shika							
4775	data01/jobitaki_130820_syobyou_murahama.0000.wav	jyoubitaki							
4777	data01/rkibitaki_120423_ishigaki_moriya.0003.wav	ryuukyuukibitaki							
4781	data01/konotori_150629_toyooka_kuroda.0001.wav	konotori							
4785	data01/ohakucho_100227_otawara_hirano.0004.wav	ohakucho							
4786	data01/gojukarahina_140514_kyoto_kaji.0000.wav	gojyuukara							
4790	data01/kojyurin_100202_utsunomiya_hirano.0004.wav	kojyurin							
4816	data01/karafutomuji_140514_tobishima_mima.0010.wav	karafutomuji							
4817	data01/horoku_090409_sanbanse_moriya.0001.wav	horoku							
4856	data01/tancho2_080701_doto_kuroda.0000.wav	tancho							
4867	data01/ohakucho_100227_otawara_hirano.0005.wav	ohakucho							
4878	data01/ochu2_150524_tsushima_mju.0015.wav	ochu							
4880	data01/rtsubame_120419_yona_moriya.0002.wav	rtsubame							
4883	data01/komori_091212_ehime_kuroda.0002.wav	komori							
4893	data01/osahashibuto_120423_ishigaki_moriya.0000.wav	osahashibuto							
4894	data01/jobitaki_160808_hyogo_kuroda.0001.wav	jyoubitaki							
4912	data01/kojyurin_100202_utsunomiya_hirano.0009.wav	kojyurin							
4918	data01/iijimac_160515_miyake_kuroda.0005.wav	iijima							
4920	data01/jobitaki_121027_hyogo_kuroda.0003.wav	jyoubitaki							
4925	data01/jobitakic_160808_hyogo_kuroda.0002.wav	jyoubitaki							
4926	data01/shimaenaga_110228_tomamae_mju.0013.wav	shimaenaga							
4932	data01/okonoha_130505_nikko_abe.0002.wav	okonoha							
4936	data01/kohakucho_130407_aomori_kuroda.0001.wav	kohakucyou							
4938	data01/onikakko_150527_amami_miyayama.0000.wav	onikakko							
4942	data01/ohakucho_100227_otawara_hirano.0002.wav	ohakucho							
4955	data01/kyojoshigi_110419_hahajima_mju.0000.wav	kyojoshigi							
4956	data01/takabu_130428_saga_moriya.0012.wav	takabu							
4972	data01/kojyukei_120704_sano_hirano.0001.wav	kojyukei							
4978	data01/kojukei1_060512_hino_mju.0001.wav	kojyukei							
4980	data01/kohakucho_130407_aomori_kuroda.0004.wav	kohakucyou							
4984	data01/uchiyama_090627_kashima_kuroda.0001.wav	uchiyama							
4987	data01/iijimac_160515_miyake_kuroda.0006.wav	iijima							
